timestamp,x_m,y_m,z_m,roll_rad,pitch_rad,yaw_rad,j1_rad,j2_rad,j3_rad,j4_rad,j5_rad,j6_rad,temp_m1_C,temp_m2_C,temp_m3_C,temp_m4_C,temp_m5_C,temp_m6_C,temp_m7_C,temp_m8_C,rpi_temp_C,cpu_percent,mem_total_B,mem_used_B,mem_free_B,load1,load5,load15,disk_total_B,disk_used_B
2026-05-06T17:18:16.463966+02:00,0.20097867749518872,0.16108797212418277,0.17861511659384088,-2.446334347590782,1.2184123091304706,-2.13921176990758,0.6643532863248676,-0.5125748309317287,-0.2234849522311957,-0.14716950204722856,-1.2594908804439044,0.44954902444028555,51.0,52.0,51.0,44.0,43.0,25.0,30.0,27.0,52.0,,,,,,,,,
2026-05-06T17:18:16.514005+02:00,0.20097867749518872,0.16108797212418277,0.17861511659384088,-2.446334347590782,1.2184123091304706,-2.13921176990758,0.6643532863248676,-0.5125748309317287,-0.2234849522311957,-0.14716950204722856,-1.2594908804439044,0.44954902444028555,51.0,52.0,51.0,44.0,43.0,25.0,30.0,27.0,52.0,,,,,,,,,
2026-05-06T17:18:16.565895+02:00,0.20097867749518872,0.16108797212418277,0.17861511659384088,-2.446334347590782,1.2184123091304706,-2.13921176990758,0.6643532863248676,-0.5125748309317287,-0.2234849522311957,-0.14716950204722856,-1.2594908804439044,0.44954902444028555,51.0,52.0,51.0,44.0,43.0,25.0,30.0,27.0,52.0,,,,,,,,,
2026-05-06T17:18:16.616104+02:00,0.23429076464268095,0.16972266241724035,0.13997575026751752,-2.454405760513114,1.1289598506550393,-2.1711465976012003,0.6658752134326069,-0.5034851561873422,-0.22499989802192677,-0.16557727150185642,-1.2594908804439044,0.4480150436524002,51.0,52.0,51.0,44.0,43.0,25.0,30.0,27.0,52.0,,,,,,,,,
2026-05-06T17:18:16.671119+02:00,0.23429076464268095,0.16972266241724035,0.13997575026751752,-2.454405760513114,1.1289598506550393,-2.1711465976012003,0.6658752134326069,-0.5034851561873422,-0.22499989802192677,-0.16557727150185642,-1.2594908804439044,0.4480150436524002,51.0,52.0,51.0,44.0,43.0,25.0,30.0,27.0,52.0,,,,,,,,,
2026-05-06T17:18:16.726801+02:00,0.23429076464268095,0.16972266241724035,0.13997575026751752,-2.454405760513114,1.1289598506550393,-2.1711465976012003,0.6658752134326069,-0.5034851561873422,-0.22499989802192677,-0.16557727150185642,-1.2594908804439044,0.4480150436524002,51.0,52.0,51.0,44.0,43.0,25.0,30.0,27.0,52.0,,,,,,,,,
2026-05-06T17:18:16.778774+02:00,0.23429076464268095,0.16972266241724035,0.13997575026751752,-2.454405760513114,1.1289598506550393,-2.1711465976012003,0.6658752134326069,-0.5034851561873422,-0.22499989802192677,-0.16557727150185642,-1.2594908804439044,0.4480150436524002,51.0,52.0,51.0,44.0,43.0,25.0,30.0,27.0,52.0,,,,,,,,,
2026-05-06T17:18:16.830841+02:00,0.23565645513803413,0.16926336763964614,0.1431017417269258,-2.4022074558808204,1.1320837241333603,-2.101031480130939,0.6613094321093897,-0.5004552646058801,-0.2234849522311957,-0.16097532913819945,-1.2594908804439044,0.44954902444028555,51.0,52.0,51.0,44.0,43.0,25.0,30.0,27.0,52.0,,,,,,,,,
2026-05-06T17:18:16.885816+02:00,0.23565645513803413,0.16926336763964614,0.1431017417269258,-2.4022074558808204,1.1320837241333603,-2.101031480130939,0.6613094321093897,-0.5004552646058801,-0.2234849522311957,-0.16097532913819945,-1.2594908804439044,0.44954902444028555,51.0,52.0,51.0,44.0,43.0,25.0,30.0,27.0,52.0,,,,,,,,,
2026-05-06T17:18:16.939484+02:00,0.23565645513803413,0.16926336763964614,0.1431017417269258,-2.4022074558808204,1.1320837241333603,-2.101031480130939,0.6613094321093897,-0.5004552646058801,-0.2234849522311957,-0.16097532913819945,-1.2594908804439044,0.44954902444028555,51.0,52.0,51.0,44.0,43.0,25.0,30.0,27.0,52.0,,,,,,,,,
2026-05-06T17:18:16.991421+02:00,0.23565645513803413,0.16926336763964614,0.1431017417269258,-2.4022074558808204,1.1320837241333603,-2.101031480130939,0.6613094321093897,-0.5004552646058801,-0.2234849522311957,-0.16097532913819945,-1.2594908804439044,0.44954902444028555,51.0,52.0,51.0,44.0,43.0,25.0,30.0,27.0,52.0,99.28,3975442432,1546792960,1570168832,10.56,9.76,8.99,25297891328,9409019904
2026-05-06T17:18:17.042101+02:00,0.2363733290085734,0.16829049258980383,0.14352666824165172,-2.401887955991253,1.1339127834147056,-2.107715830945852,0.6613094321093897,-0.48985064407076273,-0.22499989802192677,-0.17017921386551338,-1.2594908804439044,0.44954902444028555,51.0,52.0,51.0,44.0,43.0,25.0,30.0,27.0,52.0,99.28,3975442432,1546792960,1570168832,10.56,9.76,8.99,25297891328,9409019904
2026-05-06T17:18:17.093717+02:00,0.2363733290085734,0.16829049258980383,0.14352666824165172,-2.401887955991253,1.1339127834147056,-2.107715830945852,0.6613094321093897,-0.48985064407076273,-0.22499989802192677,-0.17017921386551338,-1.2594908804439044,0.44954902444028555,51.0,52.0,51.0,44.0,43.0,25.0,30.0,27.0,52.0,99.28,3975442432,1546792960,1570168832,10.56,9.76,8.99,25297891328,9409019904
2026-05-06T17:18:17.144272+02:00,0.2363733290085734,0.16829049258980383,0.14352666824165172,-2.401887955991253,1.1339127834147056,-2.107715830945852,0.6613094321093897,-0.48985064407076273,-0.22499989802192677,-0.17017921386551338,-1.2594908804439044,0.44954902444028555,51.0,52.0,51.0,44.0,43.0,25.0,30.0,27.0,52.0,99.28,3975442432,1546792960,1570168832,10.56,9.76,8.99,25297891328,9409019904
2026-05-06T17:18:17.198192+02:00,0.2363733290085734,0.16829049258980383,0.14352666824165172,-2.401887955991253,1.1339127834147056,-2.107715830945852,0.6613094321093897,-0.48985064407076273,-0.22499989802192677,-0.17017921386551338,-1.2594908804439044,0.44954902444028555,51.0,52.0,51.0,44.0,43.0,25.0,30.0,27.0,52.0,99.28,3975442432,1546792960,1570168832,10.56,9.76,8.99,25297891328,9409019904
2026-05-06T17:18:17.250017+02:00,0.23664855541929306,0.1679190400000407,0.14683426627954216,-2.3822296949948782,1.1420214880672463,-2.085823451011169,0.6613094321093897,-0.48833569828003165,-0.22499989802192677,-0.16557727150185642,-1.2594908804439044,0.44954902444028555,51.0,52.0,51.0,44.0,43.0,25.0,30.0,27.0,52.0,99.28,3975442432,1546792960,1570168832,10.56,9.76,8.99,25297891328,9409019904
2026-05-06T17:18:17.305174+02:00,0.23664855541929306,0.1679190400000407,0.14683426627954216,-2.3822296949948782,1.1420214880672463,-2.085823451011169,0.6613094321093897,-0.48833569828003165,-0.22499989802192677,-0.16557727150185642,-1.2594908804439044,0.44954902444028555,51.0,52.0,51.0,44.0,43.0,25.0,30.0,27.0,52.0,99.28,3975442432,1546792960,1570168832,10.56,9.76,8.99,25297891328,9409019904
2026-05-06T17:18:17.359308+02:00,0.23664855541929306,0.1679190400000407,0.14683426627954216,-2.3822296949948782,1.1420214880672463,-2.085823451011169,0.6613094321093897,-0.48833569828003165,-0.22499989802192677,-0.16557727150185642,-1.2594908804439044,0.44954902444028555,51.0,52.0,51.0,44.0,43.0,25.0,30.0,27.0,52.0,99.28,3975442432,1546792960,1570168832,10.56,9.76,8.99,25297891328,9409019904
2026-05-06T17:18:17.413573+02:00,0.23664855541929306,0.1679190400000407,0.14683426627954216,-2.3822296949948782,1.1420214880672463,-2.085823451011169,0.6613094321093897,-0.48833569828003165,-0.22499989802192677,-0.16557727150185642,-1.2594908804439044,0.44954902444028555,51.0,52.0,51.0,44.0,43.0,25.0,30.0,27.0,52.0,99.28,3975442432,1546792960,1570168832,10.56,9.76,8.99,25297891328,9409019904
2026-05-06T17:18:17.465571+02:00,0.23659052318415172,0.1680202313485819,0.14725865140743788,-2.38341040087307,1.1438650797941325,-2.087902380966746,0.9641729265494616,-0.4125884087434776,-0.20833549432388487,-0.0628005587135183,-1.2594908804439044,0.44954902444028555,51.0,52.0,51.0,44.0,43.0,25.0,30.0,27.0,52.0,99.28,3975442432,1546792960,1570168832,10.56,9.76,8.99,25297891328,9409019904
2026-05-06T17:18:17.515868+02:00,0.23659052318415172,0.1680202313485819,0.14725865140743788,-2.38341040087307,1.1438650797941325,-2.087902380966746,0.9641729265494616,-0.4125884087434776,-0.20833549432388487,-0.0628005587135183,-1.2594908804439044,0.44954902444028555,51.0,52.0,51.0,44.0,43.0,25.0,30.0,27.0,52.0,99.28,3975442432,1546792960,1570168832,10.56,9.76,8.99,25297891328,9409019904
2026-05-06T17:18:17.566512+02:00,0.23659052318415172,0.1680202313485819,0.14725865140743788,-2.38341040087307,1.1438650797941325,-2.087902380966746,0.9641729265494616,-0.4125884087434776,-0.20833549432388487,-0.0628005587135183,-1.2594908804439044,0.44954902444028555,51.0,52.0,51.0,44.0,43.0,25.0,30.0,27.0,52.0,99.28,3975442432,1546792960,1570168832,10.56,9.76,8.99,25297891328,9409019904
2026-05-06T17:18:17.619242+02:00,0.23659052318415172,0.1680202313485819,0.14725865140743788,-2.38341040087307,1.1438650797941325,-2.087902380966746,0.9641729265494616,-0.4125884087434776,-0.20833549432388487,-0.0628005587135183,-1.2594908804439044,0.44954902444028555,51.0,52.0,51.0,44.0,43.0,25.0,30.0,27.0,52.0,99.28,3975442432,1546792960,1570168832,10.56,9.76,8.99,25297891328,9409019904
2026-05-06T17:18:17.674303+02:00,0.20229351765258813,0.20887193929708392,0.16005915340104943,-2.4633932919693318,1.2042291583867175,-2.0329297116281517,1.4831500702884797,-0.32623649867180615,-0.15379744585756594,0.1028693663781306,-1.2594908804439044,0.4480150436524002,51.0,52.0,51.0,44.0,43.0,25.0,30.0,27.0,52.0,99.28,3975442432,1546792960,1570168832,10.56,9.76,8.99,25297891328,9409019904
2026-05-06T17:18:17.729319+02:00,0.20229351765258813,0.20887193929708392,0.16005915340104943,-2.4633932919693318,1.2042291583867175,-2.0329297116281517,1.4831500702884797,-0.32623649867180615,-0.15379744585756594,0.1028693663781306,-1.2594908804439044,0.4480150436524002,51.0,52.0,51.0,44.0,43.0,25.0,30.0,27.0,52.0,99.28,3975442432,1546792960,1570168832,10.56,9.76,8.99,25297891328,9409019904
2026-05-06T17:18:17.783583+02:00,0.20229351765258813,0.20887193929708392,0.16005915340104943,-2.4633932919693318,1.2042291583867175,-2.0329297116281517,1.4831500702884797,-0.32623649867180615,-0.15379744585756594,0.1028693663781306,-1.2594908804439044,0.4480150436524002,51.0,52.0,51.0,44.0,43.0,25.0,30.0,27.0,52.0,99.28,3975442432,1546792960,1570168832,10.56,9.76,8.99,25297891328,9409019904
2026-05-06T17:18:17.838601+02:00,0.05028615205447429,0.2974747230244739,0.20380364421025043,-3.1092609192224185,1.3664577540763883,-2.216152526008118,1.8879826809470681,-0.2338248054372104,-0.19470098220730514,0.1059373279539022,-1.2594908804439044,0.44954902444028555,51.0,52.0,51.0,44.0,43.0,25.0,30.0,27.0,52.0,99.28,3975442432,1546792960,1570168832,10.56,9.76,8.99,25297891328,9409019904
2026-05-06T17:18:17.893599+02:00,0.05028615205447429,0.2974747230244739,0.20380364421025043,-3.1092609192224185,1.3664577540763883,-2.216152526008118,1.8879826809470681,-0.2338248054372104,-0.19470098220730514,0.1059373279539022,-1.2594908804439044,0.44954902444028555,51.0,52.0,51.0,44.0,43.0,25.0,30.0,27.0,52.0,91.27,3975442432,1553338368,1563619328,10.56,9.76,8.99,25297891328,9409024000
2026-05-06T17:18:17.948150+02:00,0.05028615205447429,0.2974747230244739,0.20380364421025043,-3.1092609192224185,1.3664577540763883,-2.216152526008118,1.8879826809470681,-0.2338248054372104,-0.19470098220730514,0.1059373279539022,-1.2594908804439044,0.44954902444028555,51.0,52.0,51.0,44.0,43.0,25.0,30.0,27.0,52.0,91.27,3975442432,1553338368,1563619328,10.56,9.76,8.99,25297891328,9409024000
2026-05-06T17:18:18.003173+02:00,0.05028615205447429,0.2974747230244739,0.20380364421025043,-3.1092609192224185,1.3664577540763883,-2.216152526008118,1.8879826809470681,-0.2338248054372104,-0.19470098220730514,0.1059373279539022,-1.2594908804439044,0.44954902444028555,51.0,52.0,51.0,44.0,43.0,25.0,30.0,27.0,52.0,91.27,3975442432,1553338368,1563619328,10.56,9.76,8.99,25297891328,9409024000
2026-05-06T17:18:18.054044+02:00,-0.09804961642616361,0.27279582572973243,0.2270958556109982,2.909406504621509,1.4175677337341541,-1.9737424650430397,1.9884298700578458,-0.1626223532728498,-0.3598300733969926,0.08752955849927435,-1.2594908804439044,0.44954902444028555,51.0,52.0,51.0,44.0,43.0,25.0,30.0,27.0,52.0,91.27,3975442432,1553338368,1563619328,10.56,9.76,8.99,25297891328,9409024000
2026-05-06T17:18:18.104872+02:00,-0.09804961642616361,0.27279582572973243,0.2270958556109982,2.909406504621509,1.4175677337341541,-1.9737424650430397,1.9884298700578458,-0.1626223532728498,-0.3598300733969926,0.08752955849927435,-1.2594908804439044,0.44954902444028555,51.0,52.0,51.0,44.0,43.0,25.0,30.0,27.0,52.0,91.27,3975442432,1553338368,1563619328,10.56,9.76,8.99,25297891328,9409024000
2026-05-06T17:18:18.155389+02:00,-0.09804961642616361,0.27279582572973243,0.2270958556109982,2.909406504621509,1.4175677337341541,-1.9737424650430397,1.9884298700578458,-0.1626223532728498,-0.3598300733969926,0.08752955849927435,-1.2594908804439044,0.44954902444028555,51.0,52.0,51.0,44.0,43.0,25.0,30.0,27.0,52.0,91.27,3975442432,1553338368,1563619328,10.56,9.76,8.99,25297891328,9409024000
2026-05-06T17:18:18.209976+02:00,-0.09804961642616361,0.27279582572973243,0.2270958556109982,2.909406504621509,1.4175677337341541,-1.9737424650430397,1.9884298700578458,-0.1626223532728498,-0.3598300733969926,0.08752955849927435,-1.2594908804439044,0.44954902444028555,51.0,52.0,51.0,44.0,43.0,25.0,30.0,27.0,52.0,91.27,3975442432,1553338368,1563619328,10.56,9.76,8.99,25297891328,9409024000
2026-05-06T17:18:18.260538+02:00,-0.11125131542885494,0.2342550839337226,0.21030158299541957,-3.037350929896288,1.3450756405540325,-1.5341289861626468,1.9899517971655851,-0.1626223532728498,-0.37194963972284123,0.08446159692350319,-1.2594908804439044,0.44954902444028555,51.0,52.0,51.0,44.0,43.0,25.0,30.0,27.0,52.0,91.27,3975442432,1553338368,1563619328,10.56,9.76,8.99,25297891328,9409024000
2026-05-06T17:18:18.314819+02:00,-0.11125131542885494,0.2342550839337226,0.21030158299541957,-3.037350929896288,1.3450756405540325,-1.5341289861626468,1.9899517971655851,-0.1626223532728498,-0.37194963972284123,0.08446159692350319,-1.2594908804439044,0.44954902444028555,51.0,52.0,51.0,44.0,43.0,25.0,30.0,27.0,52.0,91.27,3975442432,1553338368,1563619328,10.56,9.76,8.99,25297891328,9409024000
2026-05-06T17:18:18.367314+02:00,-0.11125131542885494,0.2342550839337226,0.21030158299541957,-3.037350929896288,1.3450756405540325,-1.5341289861626468,1.9899517971655851,-0.1626223532728498,-0.37194963972284123,0.08446159692350319,-1.2594908804439044,0.44954902444028555,51.0,52.0,51.0,44.0,43.0,25.0,30.0,27.0,52.0,91.27,3975442432,1553338368,1563619328,10.56,9.76,8.99,25297891328,9409024000
2026-05-06T17:18:18.419505+02:00,-0.11125131542885494,0.2342550839337226,0.21030158299541957,-3.037350929896288,1.3450756405540325,-1.5341289861626468,1.9899517971655851,-0.1626223532728498,-0.37194963972284123,0.08446159692350319,-1.2594908804439044,0.44954902444028555,51.0,52.0,51.0,44.0,43.0,25.0,30.0,27.0,52.0,91.27,3975442432,1553338368,1563619328,10.56,9.76,8.99,25297891328,9409024000
2026-05-06T17:18:18.474536+02:00,-0.11053492387201494,0.23225132701594872,0.20773221089412922,-3.007601263647401,1.3347038899171149,-1.5020994217718053,1.9899517971655851,-0.1626223532728498,-0.37194963972284123,0.09980140480235944,-1.2594908804439044,0.44954902444028555,51.0,52.0,51.0,44.0,43.0,25.0,30.0,27.0,52.0,91.27,3975442432,1553338368,1563619328,10.56,9.76,8.99,25297891328,9409024000
2026-05-06T17:18:18.526054+02:00,-0.11053492387201494,0.23225132701594872,0.20773221089412922,-3.007601263647401,1.3347038899171149,-1.5020994217718053,1.9899517971655851,-0.1626223532728498,-0.37194963972284123,0.09980140480235944,-1.2594908804439044,0.44954902444028555,51.0,52.0,51.0,44.0,43.0,25.0,30.0,27.0,52.0,91.27,3975442432,1553338368,1563619328,10.56,9.76,8.99,25297891328,9409024000
2026-05-06T17:18:18.578602+02:00,-0.11053492387201494,0.23225132701594872,0.20773221089412922,-3.007601263647401,1.3347038899171149,-1.5020994217718053,1.9899517971655851,-0.1626223532728498,-0.37194963972284123,0.09980140480235944,-1.2594908804439044,0.44954902444028555,51.0,52.0,51.0,44.0,43.0,25.0,30.0,27.0,52.0,91.27,3975442432,1553338368,1563619328,10.56,9.76,8.99,25297891328,9409024000
2026-05-06T17:18:18.628876+02:00,-0.11053492387201494,0.23225132701594872,0.20773221089412922,-3.007601263647401,1.3347038899171149,-1.5020994217718053,1.9899517971655851,-0.1626223532728498,-0.37194963972284123,0.09980140480235944,-1.2594908804439044,0.44954902444028555,51.0,52.0,51.0,44.0,43.0,25.0,30.0,27.0,52.0,91.27,3975442432,1553338368,1563619328,10.56,9.76,8.99,25297891328,9409024000
2026-05-06T17:18:18.681546+02:00,-0.11053492387201494,0.23225132701594872,0.20773221089412922,-3.007601263647401,1.3347038899171149,-1.5020994217718053,1.9899517971655851,-0.1626223532728498,-0.37194963972284123,0.09980140480235944,-1.2594908804439044,0.44954902444028555,51.0,52.0,51.0,44.0,43.0,25.0,30.0,27.0,52.0,91.27,3975442432,1553338368,1563619328,10.56,9.76,8.99,25297891328,9409024000
2026-05-06T17:18:18.732384+02:00,-0.11162277739385013,0.23182673528454675,0.2078249500053438,-3.05949419837765,1.3298114151917582,-1.5603390823433896,1.9884298700578458,-0.1626223532728498,-0.3886140434208831,0.10133538559024524,-1.2594908804439044,0.44954902444028555,51.0,52.0,51.0,44.0,43.0,25.0,30.0,27.0,52.0,91.27,3975442432,1553338368,1563619328,10.56,9.76,8.99,25297891328,9409024000
2026-05-06T17:18:18.783356+02:00,-0.11162277739385013,0.23182673528454675,0.2078249500053438,-3.05949419837765,1.3298114151917582,-1.5603390823433896,1.9884298700578458,-0.1626223532728498,-0.3886140434208831,0.10133538559024524,-1.2594908804439044,0.44954902444028555,51.0,52.0,51.0,44.0,43.0,25.0,30.0,27.0,52.0,91.27,3975442432,1553338368,1563619328,10.56,9.76,8.99,25297891328,9409024000
2026-05-06T17:18:18.835353+02:00,-0.11018687112610989,0.2292684541726548,0.20436710967349825,-3.0381436119242773,1.3139435291657628,-1.5419602834208812,1.977776380303672,-0.15656257010992547,-0.47345100770182347,0.1059373279539022,-1.2579568996560186,0.44954902444028555,51.0,52.0,51.0,44.0,43.0,25.0,30.0,27.0,52.0,91.27,3975442432,1553338368,1563619328,10.56,9.76,8.99,25297891328,9409024000
2026-05-06T17:18:18.886425+02:00,-0.11018687112610989,0.2292684541726548,0.20436710967349825,-3.0381436119242773,1.3139435291657628,-1.5419602834208812,1.977776380303672,-0.15656257010992547,-0.47345100770182347,0.1059373279539022,-1.2579568996560186,0.44954902444028555,51.0,52.0,51.0,44.0,43.0,25.0,30.0,27.0,52.0,88.72,3975442432,1553117184,1563820032,10.56,9.76,8.99,25297891328,9409024000
2026-05-06T17:18:18.938269+02:00,-0.11018687112610989,0.2292684541726548,0.20436710967349825,-3.0381436119242773,1.3139435291657628,-1.5419602834208812,1.977776380303672,-0.15656257010992547,-0.47345100770182347,0.1059373279539022,-1.2579568996560186,0.44954902444028555,51.0,52.0,51.0,44.0,43.0,25.0,30.0,27.0,52.0,88.72,3975442432,1553117184,1563820032,10.56,9.76,8.99,25297891328,9409024000
2026-05-06T17:18:18.989188+02:00,-0.11018687112610989,0.2292684541726548,0.20436710967349825,-3.0381436119242773,1.3139435291657628,-1.5419602834208812,1.977776380303672,-0.15656257010992547,-0.47345100770182347,0.1059373279539022,-1.2579568996560186,0.44954902444028555,51.0,52.0,51.0,44.0,43.0,25.0,30.0,27.0,52.0,88.72,3975442432,1553117184,1563820032,10.56,9.76,8.99,25297891328,9409024000
2026-05-06T17:18:19.039373+02:00,-0.10152964386052375,0.21576489752862485,0.18898241109557712,-2.9607366526392065,1.2382165039078024,-1.4834296085807097,1.9899517971655851,-0.1626223532728498,-0.4158830676540425,0.1028693663781306,-1.2579568996560186,0.44954902444028555,51.0,52.0,51.0,44.0,43.0,25.0,30.0,27.0,52.0,88.72,3975442432,1553117184,1563820032,10.56,9.76,8.99,25297891328,9409024000
2026-05-06T17:18:19.090211+02:00,-0.10152964386052375,0.21576489752862485,0.18898241109557712,-2.9607366526392065,1.2382165039078024,-1.4834296085807097,1.9899517971655851,-0.1626223532728498,-0.4158830676540425,0.1028693663781306,-1.2579568996560186,0.44954902444028555,51.0,52.0,51.0,44.0,43.0,25.0,30.0,27.0,52.0,88.72,3975442432,1553117184,1563820032,10.56,9.76,8.99,25297891328,9409024000
2026-05-06T17:18:19.140475+02:00,-0.10152964386052375,0.21576489752862485,0.18898241109557712,-2.9607366526392065,1.2382165039078024,-1.4834296085807097,1.9899517971655851,-0.1626223532728498,-0.4158830676540425,0.1028693663781306,-1.2579568996560186,0.44954902444028555,51.0,52.0,51.0,44.0,43.0,25.0,30.0,27.0,52.0,88.72,3975442432,1553117184,1563820032,10.56,9.76,8.99,25297891328,9409024000
2026-05-06T17:18:19.194939+02:00,-0.10152964386052375,0.21576489752862485,0.18898241109557712,-2.9607366526392065,1.2382165039078024,-1.4834296085807097,1.9899517971655851,-0.1626223532728498,-0.4158830676540425,0.1028693663781306,-1.2579568996560186,0.44954902444028555,51.0,52.0,51.0,44.0,43.0,25.0,30.0,27.0,52.0,88.72,3975442432,1553117184,1563820032,10.56,9.76,8.99,25297891328,9409024000
2026-05-06T17:18:19.245833+02:00,-0.10789837805752488,0.22198590330239248,0.19537905175701953,-2.986933509233852,1.2738821522577752,-1.490609626021019,1.9899517971655851,-0.1626223532728498,-0.3825542602579588,0.1028693663781306,-1.2579568996560186,0.44954902444028555,51.0,52.0,51.0,44.0,43.0,25.0,30.0,27.0,52.0,88.72,3975442432,1553117184,1563820032,10.56,9.76,8.99,25297891328,9409024000
2026-05-06T17:18:19.296638+02:00,-0.10789837805752488,0.22198590330239248,0.19537905175701953,-2.986933509233852,1.2738821522577752,-1.490609626021019,1.9899517971655851,-0.1626223532728498,-0.3825542602579588,0.1028693663781306,-1.2579568996560186,0.44954902444028555,51.0,52.0,51.0,44.0,43.0,25.0,30.0,27.0,52.0,88.72,3975442432,1553117184,1563820032,10.56,9.76,8.99,25297891328,9409024000
2026-05-06T17:18:19.350097+02:00,-0.10789837805752488,0.22198590330239248,0.19537905175701953,-2.986933509233852,1.2738821522577752,-1.490609626021019,1.9899517971655851,-0.1626223532728498,-0.3825542602579588,0.1028693663781306,-1.2579568996560186,0.44954902444028555,51.0,52.0,51.0,44.0,43.0,25.0,30.0,27.0,52.0,88.72,3975442432,1553117184,1563820032,10.56,9.76,8.99,25297891328,9409024000
2026-05-06T17:18:19.405114+02:00,-0.10789837805752488,0.22198590330239248,0.19537905175701953,-2.986933509233852,1.2738821522577752,-1.490609626021019,1.9899517971655851,-0.1626223532728498,-0.3825542602579588,0.1028693663781306,-1.2579568996560186,0.44954902444028555,51.0,52.0,51.0,44.0,43.0,25.0,30.0,27.0,52.0,88.72,3975442432,1553117184,1563820032,10.56,9.76,8.99,25297891328,9409024000
2026-05-06T17:18:19.455355+02:00,-0.11112914404010558,0.23015941470818585,0.20561681009189064,-3.054350493710384,1.3204643908849576,-1.5570598964922455,1.9899517971655851,-0.1626223532728498,-0.3840692060486899,0.1028693663781306,-1.2579568996560186,0.44954902444028555,51.0,52.0,51.0,44.0,43.0,25.0,30.0,27.0,52.0,88.72,3975442432,1553117184,1563820032,10.56,9.76,8.99,25297891328,9409024000
2026-05-06T17:18:19.509436+02:00,-0.11112914404010558,0.23015941470818585,0.20561681009189064,-3.054350493710384,1.3204643908849576,-1.5570598964922455,1.9899517971655851,-0.1626223532728498,-0.3840692060486899,0.1028693663781306,-1.2579568996560186,0.44954902444028555,51.0,52.0,51.0,44.0,43.0,25.0,30.0,27.0,52.0,88.72,3975442432,1553117184,1563820032,10.56,9.76,8.99,25297891328,9409024000
2026-05-06T17:18:19.560721+02:00,-0.11112914404010558,0.23015941470818585,0.20561681009189064,-3.054350493710384,1.3204643908849576,-1.5570598964922455,1.9899517971655851,-0.1626223532728498,-0.3840692060486899,0.1028693663781306,-1.2579568996560186,0.44954902444028555,51.0,52.0,51.0,44.0,43.0,25.0,30.0,27.0,52.0,88.72,3975442432,1553117184,1563820032,10.56,9.76,8.99,25297891328,9409024000
2026-05-06T17:18:19.614091+02:00,-0.11112914404010558,0.23015941470818585,0.20561681009189064,-3.054350493710384,1.3204643908849576,-1.5570598964922455,1.9899517971655851,-0.1626223532728498,-0.3840692060486899,0.1028693663781306,-1.2579568996560186,0.44954902444028555,51.0,52.0,51.0,44.0,43.0,25.0,30.0,27.0,52.0,88.72,3975442432,1553117184,1563820032,10.56,9.76,8.99,25297891328,9409024000
2026-05-06T17:18:19.664096+02:00,-0.11102002296793481,0.2299145070010622,0.20530214596326002,-3.0519516120823145,1.3190715565854791,-1.5547362012013768,1.9899517971655851,-0.1626223532728498,-0.3840692060486899,0.1028693663781306,-1.2579568996560186,0.44954902444028555,51.0,52.0,51.0,44.0,43.0,25.0,30.0,27.0,52.0,88.72,3975442432,1553117184,1563820032,10.56,9.76,8.99,25297891328,9409024000
2026-05-06T17:18:19.714881+02:00,-0.11102002296793481,0.2299145070010622,0.20530214596326002,-3.0519516120823145,1.3190715565854791,-1.5547362012013768,1.9899517971655851,-0.1626223532728498,-0.3840692060486899,0.1028693663781306,-1.2579568996560186,0.44954902444028555,51.0,52.0,51.0,44.0,43.0,25.0,30.0,27.0,52.0,88.72,3975442432,1553117184,1563820032,10.56,9.76,8.99,25297891328,9409024000
2026-05-06T17:18:19.765353+02:00,-0.11102002296793481,0.2299145070010622,0.20530214596326002,-3.0519516120823145,1.3190715565854791,-1.5547362012013768,1.9899517971655851,-0.1626223532728498,-0.3840692060486899,0.1028693663781306,-1.2579568996560186,0.44954902444028555,51.0,52.0,51.0,44.0,43.0,25.0,30.0,27.0,52.0,88.72,3975442432,1553117184,1563820032,10.56,9.76,8.99,25297891328,9409024000
2026-05-06T17:18:19.816238+02:00,-0.11102002296793481,0.2299145070010622,0.20530214596326002,-3.0519516120823145,1.3190715565854791,-1.5547362012013768,1.9899517971655851,-0.1626223532728498,-0.3840692060486899,0.1028693663781306,-1.2579568996560186,0.44954902444028555,51.0,52.0,51.0,44.0,43.0,25.0,30.0,27.0,52.0,88.72,3975442432,1553117184,1563820032,10.56,9.76,8.99,25297891328,9409024000
2026-05-06T17:18:19.870685+02:00,-0.11102002296793481,0.2299145070010622,0.20530214596326002,-3.0519516120823145,1.3190715565854791,-1.5547362012013768,1.9899517971655851,-0.1626223532728498,-0.3840692060486899,0.1028693663781306,-1.2579568996560186,0.44954902444028555,51.0,52.0,51.0,44.0,43.0,25.0,30.0,27.0,52.0,88.72,3975442432,1553117184,1563820032,10.56,9.76,8.99,25297891328,9409024000
2026-05-06T17:18:19.922806+02:00,-0.11102002296793481,0.2299145070010622,0.20530214596326002,-3.0519516120823145,1.3190715565854791,-1.5547362012013768,1.9899517971655851,-0.1626223532728498,-0.3840692060486899,0.1028693663781306,-1.2579568996560186,0.44954902444028555,51.0,52.0,51.0,44.0,43.0,25.0,30.0,27.0,52.0,89.21,3975442432,1516142592,1600790528,10.56,9.76,8.99,25297891328,9409024000
2026-05-06T17:18:19.976559+02:00,-0.11102002296793481,0.2299145070010622,0.20530214596326002,-3.0519516120823145,1.3190715565854791,-1.5547362012013768,1.9899517971655851,-0.1626223532728498,-0.3840692060486899,0.1028693663781306,-1.2579568996560186,0.44954902444028555,51.0,52.0,51.0,44.0,43.0,25.0,30.0,27.0,52.0,89.21,3975442432,1516142592,1600790528,10.56,9.76,8.99,25297891328,9409024000
2026-05-06T17:18:20.027039+02:00,-0.11102002296793481,0.2299145070010622,0.20530214596326002,-3.0519516120823145,1.3190715565854791,-1.5547362012013768,1.9899517971655851,-0.1626223532728498,-0.3840692060486899,0.1028693663781306,-1.2579568996560186,0.44954902444028555,51.0,52.0,51.0,44.0,43.0,25.0,30.0,27.0,52.0,89.21,3975442432,1516142592,1600790528,10.56,9.76,8.99,25297891328,9409024000
2026-05-06T17:18:20.081863+02:00,-0.11102002296793481,0.2299145070010622,0.20530214596326002,-3.0519516120823145,1.3190715565854791,-1.5547362012013768,1.9899517971655851,-0.1626223532728498,-0.3840692060486899,0.1028693663781306,-1.2579568996560186,0.44954902444028555,51.0,52.0,51.0,44.0,43.0,25.0,30.0,27.0,52.0,89.21,3975442432,1516142592,1600790528,10.56,9.76,8.99,25297891328,9409024000
2026-05-06T17:18:20.132308+02:00,-0.11102002296793481,0.2299145070010622,0.20530214596326002,-3.0519516120823145,1.3190715565854791,-1.5547362012013768,1.9899517971655851,-0.1626223532728498,-0.3840692060486899,0.1028693663781306,-1.2579568996560186,0.44954902444028555,51.0,52.0,51.0,44.0,43.0,25.0,30.0,27.0,52.0,89.21,3975442432,1516142592,1600790528,10.56,9.76,8.99,25297891328,9409024000
2026-05-06T17:18:20.183272+02:00,-0.11102002296793481,0.2299145070010622,0.20530214596326002,-3.0519516120823145,1.3190715565854791,-1.5547362012013768,1.9899517971655851,-0.1626223532728498,-0.3840692060486899,0.1028693663781306,-1.2579568996560186,0.44954902444028555,51.0,52.0,51.0,44.0,43.0,25.0,30.0,27.0,52.0,89.21,3975442432,1516142592,1600790528,10.56,9.76,8.99,25297891328,9409024000
2026-05-06T17:18:20.233329+02:00,-0.11102002296793481,0.2299145070010622,0.20530214596326002,-3.0519516120823145,1.3190715565854791,-1.5547362012013768,1.9899517971655851,-0.1626223532728498,-0.3840692060486899,0.1028693663781306,-1.2579568996560186,0.44954902444028555,51.0,52.0,51.0,44.0,43.0,25.0,30.0,27.0,52.0,89.21,3975442432,1516142592,1600790528,10.56,9.76,8.99,25297891328,9409024000
2026-05-06T17:18:20.286897+02:00,-0.11102002296793481,0.2299145070010622,0.20530214596326002,-3.0519516120823145,1.3190715565854791,-1.5547362012013768,1.9899517971655851,-0.1626223532728498,-0.3840692060486899,0.1028693663781306,-1.2579568996560186,0.44954902444028555,51.0,52.0,51.0,44.0,43.0,25.0,30.0,27.0,53.0,89.21,3975442432,1516142592,1600790528,10.56,9.76,8.99,25297891328,9409024000
2026-05-06T17:18:20.338772+02:00,-0.11102002296793481,0.2299145070010622,0.20530214596326002,-3.0519516120823145,1.3190715565854791,-1.5547362012013768,1.9899517971655851,-0.1626223532728498,-0.3840692060486899,0.1028693663781306,-1.2579568996560186,0.44954902444028555,51.0,52.0,51.0,44.0,43.0,25.0,30.0,27.0,53.0,89.21,3975442432,1516142592,1600790528,10.56,9.76,8.99,25297891328,9409024000
2026-05-06T17:18:20.390399+02:00,-0.11102002296793481,0.2299145070010622,0.20530214596326002,-3.0519516120823145,1.3190715565854791,-1.5547362012013768,1.9899517971655851,-0.1626223532728498,-0.3840692060486899,0.1028693663781306,-1.2579568996560186,0.44954902444028555,51.0,52.0,51.0,44.0,43.0,25.0,30.0,27.0,53.0,89.21,3975442432,1516142592,1600790528,10.56,9.76,8.99,25297891328,9409024000
2026-05-06T17:18:20.444503+02:00,-0.11102002296793481,0.2299145070010622,0.20530214596326002,-3.0519516120823145,1.3190715565854791,-1.5547362012013768,1.9899517971655851,-0.1626223532728498,-0.3840692060486899,0.1028693663781306,-1.2579568996560186,0.44954902444028555,51.0,52.0,51.0,44.0,43.0,25.0,30.0,27.0,53.0,89.21,3975442432,1516142592,1600790528,10.56,9.76,8.99,25297891328,9409024000
2026-05-06T17:18:20.495411+02:00,-0.11102002296793481,0.2299145070010622,0.20530214596326002,-3.0519516120823145,1.3190715565854791,-1.5547362012013768,1.9899517971655851,-0.1626223532728498,-0.3840692060486899,0.1028693663781306,-1.2579568996560186,0.44954902444028555,51.0,52.0,51.0,44.0,43.0,25.0,30.0,27.0,53.0,89.21,3975442432,1516142592,1600790528,10.56,9.76,8.99,25297891328,9409024000
2026-05-06T17:18:20.547357+02:00,-0.11102002296793481,0.2299145070010622,0.20530214596326002,-3.0519516120823145,1.3190715565854791,-1.5547362012013768,1.9899517971655851,-0.1626223532728498,-0.3840692060486899,0.1028693663781306,-1.2579568996560186,0.44954902444028555,51.0,52.0,51.0,44.0,43.0,25.0,30.0,27.0,53.0,89.21,3975442432,1516142592,1600790528,10.56,9.76,8.99,25297891328,9409024000
